(Hot S**t) Country Grammar,34
3 Little Words,9
911,19
A Country Boy Can Survive,3
A Little Gasoline,6
A Puro Dolor (Purest Of Pain),26
Aaron's Party (Come Get It),15
Absolutely (Story Of A Girl),27
All Good?,3
All The Small Things,23
Amazed,55
American Pie,9
Angels,19
Another Dumb Blonde,14
Another Nine Minutes,8
Anything,8
As We Lay,8
Auld Lang Syne (The Millenium Mix),5
Baby Don't Cry (Keep Ya Head Up II),7
Baby U Are,5
Back At One,18
Back Here,31
Bad Boyz,15
Bag Lady,20
Be With You,20
Because You Love Me,13
Been There,20
Bent,39
Best Friend,5
Best Of Intentions,22
Better Off Alone,20
Between Me And You,20
Big Deal,20
Big Pimpin',20
Blue (Da Ba Dee),20
Born To Fly,20
Bounce With Me,20
Breathe,53
Breathe And Stop,5
Bring It All To Me,29
Broadway,20
Buy Me A Rose,20
Bye Bye Bye,23
Californication,19
Callin' Me,13
Can't Fight The Moonlight,20
Can't Go For That,5
Can't Stay,4
Carlene,19
Case Of The Ex (Whatcha Gonna Do),30
Caught Out There,12
Change Your Mind,20
Cherchez LaGhost,1
Cold Day In July,10
Come On Over Baby (All I Want Is You),21
Could I Have This Kiss Forever,19
Couldn't Last A Moment,20
Country Comes To Town,15
Cowboy Take Me Away,20
Crash And Burn,20
Crybaby,7
Daddy Won't Sell The Farm,6
Dance Tonight,19
Dancin',11
Dancing Queen,5
Dear Lie,7
Deck The Halls,2
Deep Inside,15
Deep Inside Of You,12
Desert Rose,26
Do It Again (Put Ya Hands Up),9
Do What You Gotta Do,6
Do You,7
Doesn't Really Matter,24
Don't Call Me Baby,20
Don't Say You Love Me,12
Don't Think I'm Not,24
Emotional,20
Everything You Want,41
Faded,24
Falls Apart,20
Feelin' Good,17
Feels Like Love,20
Flowers On The Wall,20
Forgot About Dre,20
Freakin' It,4
From The Bottom Of My Broken Heart,20
G'D Up,14
Get It On.. Tonite,32
Get Up,3
Girls Dem Sugar,15
Give Me Just One Night (Una Noche),20
Give Me You,9
Go On,20
Goodbye Earl,15
Got Beef,2
Got It All,5
Got To Get It,20
Gotta Tell You,22
Graduation (Friends Forever),12
Hanginaround,20
He Can't Love U,20
He Loves U Not,28
He Wasn't Man Enough,37
Hey Papi,15
Higher,57
Hot Boyz,21
How Do You Like Me Now?!,20
How Many Licks?,9
I Belong To You,9
I Disappear,20
I Don't Wanna,20
I Don't Wanna Kiss You Goodnight,5
I Just Wanna Love U (Give It 2 Me),21
I Knew I Loved You,33
I Know,2
I Learned From The Best,11
I Like It,20
I Lost It,20
I Need A Hot Girl,13
I Need You,25
I Think God Can Explain,12
I Think I'm In Love With You,16
I Try,27
I Turn To You,22
I Wanna Be With You,23
I Wanna Know,44
I Will Love Again,17
I Will.. But,20
I Wish,20
I'll Be,20
I'm Outta Love,3
If I Am,5
If You Don't Wanna Love Me,6
Imagine That,2
Incomplete,26
Independent Women Part I,28
It Feels So Good,24
It Must Be Love,20
It Was,10
It's Always Somethin',14
It's Gonna Be Me,25
It's My Life,20
It's So Hard,15
Jumpin' Jumpin',32
Just Another Day In Paradise,20
Just Be A Man About It,20
Just Friends (Sunny),20
Kernkraft 400,2
Kiss This,20
Kryptonite,53
L.A. Song,12
Last Resort,20
Learn To Fly,21
Left & Right,5
"Left, Right, Left",13
Lessons Learned,20
Let's Get Married,24
Let's Make Love,14
Liar,20
"Live, Laugh, Love",11
Loser,20
Love Is Blind,16
Love Sets You Free,4
Love's The Only House,20
Lucky,11
"Maria, Maria",26
Me Neither,4
Meanwhile Back At The Ranch,12
Meet Virginia,27
Mirror Mirror,18
Monica,9
More,11
Most Girls,27
Mr. Too Damn Good,8
Music,24
My Baby You,20
My Best Friend,21
My First Love,20
My Love Goes On And On,11
My Love Is Your Love,28
My Next Thirty Years,20
N 2 Gether Now,11
Never Let You Go,22
No Leaf Clover (Live),10
No Matter What They Say,10
No Me Dejes De Querer,1
No Mercy,8
No More,26
No More Rain (In This Cloud),17
None Of Ur Friends Business,15
Nothing As It Seems,6
One Night Stand,17
One Voice,19
Only God Knows Why,20
Oops!.. I Did It Again,20
Open My Heart,20
Original Prankster,9
Otherside,22
Party Up (Up In Here),21
Pinch Me,21
Pop A Top,17
Pop Ya Collar,7
Prayin' For Daylight,20
Private Emotion,5
Pull Over,4
Put Your Hand In Mine,8
Re-Arranged,18
Real Live Woman,6
Rhythm Divine,17
Riddle,4
Rollin',17
"Ryde or Die, Chick",7
"Same Script, Different Cast",9
Say My Name,32
Separated,20
Sexual (Li Da Di),29
Shackles (Praise You),20
Shake Ya Ass,20
Shake Your Bon-Bon,18
Shape Of My Heart,20
She Bangs,18
She's More,20
Show Me The Meaning Of Being Lonely,24
Shut Up,11
Simple Kind Of Life,13
Sleepwalker,6
Smile,20
Smoke Rings In The Dark,5
Some Things Never Change,14
Someday Out Of The Blue,15
Souljas,1
Sour Girl,13
Spanish Guitar,3
Stan,15
Stay Or Let It Go,8
Stay The Night,20
Still In My Heart,3
Straight Up,9
Summer Rain,11
Swear It Again,20
Ta Da,7
Take A Picture,20
Take That,7
Taking You Home,20
Tha Block Is Hot,11
Thank God I Found You,20
That Other Woman,11
That's The Kind Of Mood I'm In,14
That's The Way,20
That's The Way It Is,28
That's What I'm Looking For,18
The Bad Touch,12
The Best Day,20
The Best Man I Can Be,12
The Best Of Me,17
The Chain Of Love,20
The Great Beyond,14
The Hardest Part Of Breaking Up (Is Getting Back Your Stuff),3
The Itch,9
The Light,19
The Little Girl,20
The Next Episode,20
The One,15
The Quittin' Kind,6
The Real Slim Shady,19
The Rockafeller Skank,12
The Way I Am,10
Then The Morning Comes,26
There U Go,32
There You Are,13
This I Promise You,26
This Time Around,7
This Woman Needs,9
Thong Song,28
Toca's Miracle,1
Treat Her Like A Lady,17
Tricky Tricky ,3
Try Again,32
U Don't Love Me,10
U Understand,6
Unconditional,20
Untitled (How Does It Feel),17
We Danced,20
West Side Story,4
What A Girl Wants,24
What About Now,20
What Do You Say,20
What I Need To Do,17
What Means The World To You,10
What You Want,20
What'Chu Like,20
What's My Name,11
What's Your Fantasy,22
Whatever,18
When You Need My Love,15
Where I Wanna Be,25
Where You Are,6
Whistle While You Twurk,14
Who Let The Dogs Out,20
Whoa!,17
Wifey,21
With Arms Wide Open,47
Without You,20
Wobble Wobble,18
Wonderful,21
Yes!,20
You Can Do It,12
You Owe Me,16
You Sang To Me,32
You Should've Told Me,20
You Won't Be Lonely Now,13
You'll Always Be Loved By Me,19
You're A God,21
Your Everything,16
www.memory,15
