city,company,salary,summary,title
Washington+DC,Department Of Education,"92,145 - $141,555 a ","Analyze data of extreme complexity largely through Federal Student Aid’s Enterprise Data Warehouse (EDW), a 40-terabyte system of financial transactions and...","Statistician (Predictive Analytics), GS-1530-13/14(DE)"
Washington+DC,Department Of The Interior,"92,145 - $119,794 a ","Data collection tools; Identify precise operational definitions of the data elements, data sources, and reporting formats for various performance management and...","Education Research Analyst, GS-1730-13"
Washington+DC,Legislative Branch,"81,878 - $121,525 a ","Or in the social sciences including demography, history, economics, social welfare, geography, international relations, social or cultural anthropology, health...",Senior Statistician
Washington+DC,Department Of Commerce,"43,684 - $84,044 a ","Analyze and evaluate data. Assist in data collection operations. Work on project activities usingdemographic or economic data for persons, households,...","Recent Graduate Statistician GS-1530-7/9/11, Census-D-TH"
Washington+DC,Jobspring Partners,"120,000 - $160,000 a ",The data scientist will develop algorithms and analytic solutions to prepare for research and development testing....,Mid Level Data Scientist
Washington+DC,Legislative Branch,"81,878 - $121,525 a ",About the Agency GAO's work is designed to address four common goals: - to help the Congress address current and emerging challenges to the well-being and,Senior Mathematical Statistician
Washington+DC,Department Of Labor,"108,887 - $141,555 a ","The branch conducts research on approaches to improving response rates, data collection, and data quality. Data quality studies are aimed at identifying and...",Economist or Statistician (Economics)
Washington+DC,Dept of Forensic Sciences,"73,867 - $94,504 a ","Skill and ability to use a personal computer to prepare, store, and retrieve data and knowledge of software affiliated with crime scene data....",Forensic Scientist II (Crime Scene)
Washington+DC,Office of the State Superintendent of Education,"78,687 - $101,385 a ","Provides staffing support and research to assist the Division of Data Accountability & Research in its efforts to standardize data across public schools, public...",Education Research Analyst
Washington+DC,Washington DC VA Medical Center,"47,000 a ","Neuroscience, CVA and TBI etiology, brain imaging, experimental design, data analysis, grant and manuscript writing, and career development....",Postdoctoral Fellow
Washington+DC,Department of the Air Force,"108,887 - $141,555 a ","Ability to develop and utilize appropriate data collection techniques; And use Excel-based VBA programs and macros for data collection, reporting, and analysis....",OPERATIONS RESEARCH ANALYST
Washington+DC,Immersion Consulting,"85,000 a ",Immersion Consulting LLC is Seeking a Senior Analyst that can support senior government managers and functional and technical staff by: • conducting detailed,Functional Analyst II - Market Research
Washington+DC,Department Of Education,"120,000 - $165,000 a ",Strong research methods and data analytic skills; (4) analyze data and synthesize information from education research and related areas;...,"Senior Education Research Scientist/Analyst, AD-1730-00"
Washington+DC,Department of the Navy,"77,490 - $100,736 a ","Develop goals and objectives that integrate organization and section objectives in administering Intranet SharePoint, Data Management, and Intranet Portal...",INTELLIGENCE SPECIALIST
Washington+DC,Metropolitan Washington Council of Governments,"70,819 - $103,042 a ",And other data collected for use in regional transportation planning activities. Develop survey questionnaires and specify data collection methods and quality...,Senior Statistical Survey Analyst
Washington+DC,Analytic Recruiting,"65,000 a ","Collect and analyze data using basic research techniques. Market Research Analyst needed by full-service international market research firm to conduct custom,...",Market Research Analyst
Washington+DC,All-In Analytics,"100,000 - $130,000 a ","PD EAD LGD modeling, loss forecasting, stress testing, credit risk management, statistical modeling, machine learning, mortgage portfolios, credit risk, big...",Machine Learning Risk Data Scientist
Washington+DC,Analytic Recruiting,"120,000 a ",Leading Financial Services company seeking a Statistician focused on predictive analytics to join their Advanced Analytic Services team that consults to,"Statistician, Predictive Analytics"
Washington+DC,Department Of Commerce,"108,887 - $141,555 a ","The ISD manages and maintains all operating system software, virtualization, utilities, servers, storage, backup processes, data recovery, voice, video, and...",Supervisory IT Specialist - DE
Washington+DC,Department Of Health And Human Services,"108,887 - $141,555 a ","CIT also provides bioinformatics support through its scientists, engineers, and mathematicians. Oversee and direct activities necessary for developing the...",Supervisory IT Specialist (APPSW)-CIT-DE
Washington+DC,Workbridge Associates,"95,000 - $125,000 a ","In this fast paced environment with minimal supervision, your role will be 90% new development using Scala on the Play framework, working on a multi-disciplined...","Software & Data Engineer - Scala, Spark"
Washington+DC,U.S. Federal Government,"128,082 - $160,300 a ","Collects system performance data. In this position, you will serve as a Computer Scientist with Systems Engineering Branch (IAS), Architecture & Technology...",Computer Scientist
Washington+DC,Centers for Disease Control and Prevention,"128,082 - $160,300 a ","BASIC QUALIFICATION REQUIREMENT FOR HEALTH SCIENTIST, GS-0601-15:. As a Health Scientist or Statistician (Health), you will:....",Interdisciplinary Health Scientist/Statistician (Health)
Washington+DC,Select Source Solutions,"90,000 - $165,000 a ","We work in small, multi-disciplined teams of product managers, hardware engineers, data engineers, data scientists, application engineers, and devops...",Software Developer (Big Data)
Washington+DC,Department Of Veterans Affairs,"92,145 - $141,555 a ",Scientists to serve on peer review committees; And identifying and recruiting scientists to serve on peer. Identifies and recruits VA and non-VA scientists to...,HEALTH SCIENCE OFFICER
Washington+DC,Department Of Labor,"77,490 - $119,794 a ",Analyzes data obtained in laboratory studies and field tests designed to investigate survey concepts. The results and findings of research projects may be used...,Research Statistician
Washington+DC,"ADNET Systems, Inc.","45,000 a ",Experience working with Earth Science data and metadata. Experience with metadata curation and/or authoring for scientific data....,Outreach Coordinator
Washington+DC,National Geospatial-Intelligence Agency,"59,318 - $119,794 a ","Conduct data mining and retrieval on large volumes of data. NGA is seeking an intellectually curious, innovative Data Scientist to serve on multi-disciplinary...",GEOINT Analyst (Data Science)
Washington+DC,Department Of The Interior,"137,494 - $185,100 a ","The Fish and Wildlife Service employs world-class scientists and other professionals who are also addressing climate change, the greatest environmental and...",Senior Executive Service - Assistant Director for Science Ap...
Washington+DC,National Security Agency,"65,572 - $84,611 a ","Exploit, fuse and use data and data sources. Applied statistics, calculus, quantitative or statistical methods and techniques, data mining, informatics, data...",Data Scientist
Washington+DC,Department Of Homeland Security,"128,082 - $160,300 a ","Cross-reference USCIS data, create data product for use by agency data. Providing tools and support for analysis of data while overseeing OIT's data....",IT PROGRAM MANAGER
Washington+DC,National Geospatial-Intelligence Agency,"59,318 - $119,794 a ","Experience applying knowledge and quickly developing new knowledge of emerging technologies regarding open source (i.e., social media, deep web searches, big...",GEOINT Analyst (Open Source Research)
Washington+DC,U.S. Federal Government,"160,300 - $250,000 a ",Establishing and maintaining collaborative relationships with world-class scientists to exchange ideas and information and promote cooperative activities....,"DIRECTOR, NATIONAL CENTER FOR ENVIRONMENTAL ASSESSMENT"
Washington+DC,Jobspring Partners,"100,000 - $130,000 a ",Big Data tools:. This Data Scientist will be working alongside the Director of Analytics as well as the CTO....,Data Scientist
Washington+DC,U.S. Federal Government,"119,776 - $169,686 a ","Prepares and disseminates a variety of informational documents which may include data on progress being made toward NSF goals, trends and opportunities papers,...",Physical Science Administrator (Program Director)
Washington+DC,Department Of Commerce,"41,835 - $99,296 a ",Analyze the accuracy and validity of statistical data. Recommend improvements to the collection and analysis of statistical data....,Mathematical Statistician
Washington+DC,Department Of Health And Human Services,"92,145 - $119,794 a ","Based data collections; Scientists and management officials. The data collected, review contract deliverable and provides professional....","Mathematical Statistician, GS-1529-13"
Washington+DC,Analytic Recruiting,"100,000 - $125,000 a ",Develops statistical analysis and statistical programming to support data analysis for clients. Statistician or Biostatistician sought by service provider for...,Statistician
Washington+DC,Department Of Health And Human Services,"77,490 - $119,794 a ","In order to qualify for Health Scientist, GS-0601-12/13 , you must meet the following:. Design and implement scientific surveys/studies, analyzes study data and...",Health Scientist
Washington+DC,"Worldwide Staffing Exchange, LLC","50,000 a ",Enter Forensic Data into a Database:. Perform tests and analyses under the direction of forensic scientists....,Forensic Lab Technician
Washington+DC,"Zachary Piper, LLC","130,000 - $160,000 a ","Zachary Piper is currently looking for a Cyber Research Analyst to support an advanced-computing company in Arlington, VA. The Cyber Research Analyst will be",Cyber Research Analyst
Washington+DC,ResourceHunt Group,"100,000 a ",Strong experience with Big data distributed technologies. Integrate prototypes of data models into the production environment....,Data Scientist
Washington+DC,Department Of Commerce,"43,684 - $100,736 a ","Experience for this position includes assisting with experimental design, data analysis, sampling, forecasting, quality control, and operations research;...","Survey Statistician, GG-1530-07/09/11/12, Census-DE-AC"
Washington+DC,Department Of The Interior,"123,175 - $185,100 a ","The Scientist Emeritus Program; Evaluation, Review, and Recognition- Administers the Research Grade and Evaluation process for 1500 research scientists across...","Director, Office of Science Quality and Integrity (DEU)"
Washington+DC,Department of Defense,"108,887 - $141,555 a ","Providing technical advice on solutions to meet data management requirements. Ensuring the confidentiality, integrity, and availability of systems, networks,...",INFORMATION TECHNOLOGY SPECIALIST (INFOSEC)
Washington+DC,Department Of Commerce,"92,145 - $119,794 a ","Reviews, analyzes, and validates financial and statistical data; Examines internal control systems to ensure that systems provide for the integrity, accuracy,...",Accountant (DE)
Washington+DC,Central Intelligence Agency,"62,338 - $160,300 a ","If you have experience in data analytics, computer science, mathematics, statistics, economics, operations research, computational social science, quantitative...",Data Scientist
Washington+DC,National Geospatial-Intelligence Agency,"128,082 - $160,300 a ","IP geo-location, geo-inferencing, spatial temporal data mining, trajectory mining, time-series analysis, defensive operations, data stream mining, net sensors...",Supv R & D Manager
Washington+DC,Workbridge Associates,"130,000 - $160,000 a ",The Data Scientist will be working on various products; A leader in data mining and predictive analytics is looking for a Senior Data Scientist to join their...,Senior Data Scientist
Washington+DC,Request Technology,"110,000 - $130,000 a ","Prestigious Enterprise Company is currently seeking a Data Scientist. Use techniques from statistics, machine learning, and other data sciences to estimate...",Data Scientist
Washington+DC,Selby Jennings,"140,000 - $200,000 a ",Senior Data Scientist. An award-winning advertising company in the DC area is looking for several Senior Data Scientists to join their team....,Senior Data Scientist
Washington+DC,Department of Defense,"47,262 - $61,441 a ","Forces to communicate globally through voice, video, and data transmission. The computer scientist develops new and improved concepts, principles, and...",Pathways Recent Graduate Computer Scientist
Washington+DC,Department Of Commerce,"64,650 - $119,794 a ",Ensuring the accuracy of measurements that data represent; Providing database management on large data sets for analysis using statistical signature packages (e...,Economist
Washington+DC,Department Of Health And Human Services,"92,145 - $119,794 a ","Research, data gathering, and decision analysis; Literature, special research reports and pertinent data. Become a part of the Department that touches the lives...",Health Scientist (Radiological Health)
Washington+DC,Department of the Army,"92,145 - $141,555 a ",Data export methods to meet requirements of research scientists. Develop data upload templates to move laboratory data into the....,Information Management Specialist
Washington+DC,Department Of Health And Human Services,"92,145 - $119,794 a ","Research and data analysis on health care programs; And (3) utilizing data analysis tools, such as SAS, SPSS,....",Social Science Research Analyst
Washington+DC,U.S. Department of Labor,"77,490 - $119,794 a ",Economic Statistical Data Management and Analysis. Analyzes data obtained in laboratory studies and field tests designed to investigate survey concepts....,Research Statistician
Washington+DC,All-In Analytics,"100,000 - $130,000 a ","Analytics, data modeling, ETL, data analysis, dashboards, Big Data, Hadoop, Hive, Hbase, Pig, Oozie, SAS, SQL, Java, XML, JSON, data warehousing, data...",Data Scientist
Washington+DC,Department Of Commerce,"108,887 - $141,555 a ","Makes well-informed, effective, and timely decisions, even when data are limited or solutions produce unpleasant consequences;...",Supervisory IT Specialist (OS/SYSADMIN) - DE
Washington+DC,Department Of The Interior,"64,650 - $100,736 a ",Develop special data sets useful to conserve and manage migratory birds. Responsible for quality assurance and quality control of band and band encounter data....,Biologist GS-0401-11/12 (DEU - PERM - MW)
Washington+DC,Department Of Commerce,"92,145 - $119,794 a ","Analyzes cost and performance data. Skill Set 1 – Job experience analyzing cost and performance data; The USPTO is headquartered in Alexandria, Virginia, and...",Administrative Officer - DE
Washington+DC,Jobspring Partners,"150,000 - $200,000 a ",Big Data tools:. This Data Scientist will be working alongside the Director of Analytics as well as the CTO....,Senior/Lead Data Scientist
Washington+DC,Jobspring Partners,"140,000 - $180,000 a ",Big Data tools:. This Data Scientist will be working alongside the Director of Analytics as well as the CTO....,Senior Data Scientist
Washington+DC,Request Technology,"100,000 - $130,000 a ","Use techniques from statistics, machine learning, and other data sciences to estimate predictive models from numeric, categorical, textual, geographic, and...",Data Scientist Professional
Washington+DC,Department Of Energy,"128,082 - $160,300 a ","In addition, the Office of Science sponsors a range of science education initiatives through its Workforce Development for Teachers and Scientists program....",Supervisory Grants and Contracts Analyst
Washington+DC,Department Of Commerce,"108,887 - $141,555 a ","Develops and administers data management systems that allow for the storage, query and utilization of data. Serves as a senior IT Specialist (Data Scientist)...",IT Specialist (ENTARCH) - Data Scientist - DE
Washington+DC,Department Of Energy,"128,082 - $160,300 a ","Develop budgets and creates resource plans to manage ongoing operations, develop and improve data publications and produce analytic studies....",Interdisciplinary Supervisory Economist/Operations Research...
Washington+DC,Department of the Navy,"34,870 - $76,956 a ","Collecting, computing and analyzing data. Malfunction, deviations in defected data and its cause. With world-renowned scientists and engineers in any one of the...",DON PATHWAYS INTERNSHIP PROGRAM (MATHEMATICIAN STUDENT TRAIN...
Washington+DC,Principal Recruiting Group,"145,000 a ","We work in small, multi-disciplined teams of product managers, hardware engineers, data engineers, data scientists, application engineers, and devops...",Software Engineer
Washington+DC,University of Maryland,"38,000 - $50,000 a ","Familiarity with LIMS , lab e-notebooks, and basic data management and reporting are also highly desirable. Collaboration with bioengineering and microfluidics...",Laboratory Technician
Washington+DC,Department Of Commerce,"92,145 - $119,794 a ","Maintains EA data and models; Addresses and resolves EA data validation findings. Waterfall and/or Agile/Scrum), JavaScript, XML, data analytics and reporting...",IT Specialist (ENTARCH) - DE
Washington+DC,Department Of Health And Human Services,"77,490 - $119,794 a ","In order to qualify for the Interdisciplinary Scientist. Investigational data, reports, submissions, or response information in order to....","Interdisciplinary Scientist, GS-0401/0403/0415/1320-12/13"
Washington+DC,Department Of Commerce,"92,145 - $119,794 a ",Converts existing project Data Models into USPTO approved Data Modeling Tool. This position serves as a skilled Data Architect in the Enterprise Data...,IT Specialist (DATAMGT) - DE
Washington+DC,Department Of Commerce,"128,082 - $160,300 a ","Makes well-informed, effective, and timely decisions, even when data are limited or solutions produce unpleasant consequences;...",Supervisory IT Specialist (NETWORK) - DE
Washington+DC,Centers for Disease Control and Prevention,"88,305 - $146,570 a ",Analyze scientific investigation data. As a Health Scientist you will :. This announcement is being used to create an inventory of applicants for Health...,Health Scientist
Washington+DC,Department Of Health And Human Services,"55,666 - $84,044 a ",Reviewing and evaluating scientific data to determine its completeness or accuracy; Assisting in the review and evaluation of scientific data to determine its...,Interdisciplinary Engineer
Washington+DC,Department Of Health And Human Services,"92,145 - $119,794 a ","Social Scientist, 0101-13 :. In order to qualify for the Social Scientist,. As a Social Scientist, 0101-13 you will perform the following duties:....","Social Scientist, GS-0101-13"
Washington+DC,Prince George's Community College,"62,010 a ","Two years of full-time equated experience in data analysis of large data sets, preferably longitudinal data sets....","Research Analyst, Institutional Research and Reporting - 6-1..."
Washington+DC,Department Of Commerce,"108,887 - $141,555 a ","The Office maintains the USPTO data center facilities, production hardware, and telecommunications infrastructure....",Information Technology Specialist (OS/SYSADMIN) - DE
Washington+DC,U.S. Federal Government,"119,776 - $169,686 a ","Increases access to program-level post-award outcome data to support decision-making and evaluation designs through stronger data analytics, business...",Program Director
Washington+DC,University of Maryland,"40,000 - $45,000 a ",And analyzing data. The role of this position involves defining the ecdysteroidogenesis pathway using molecular biology and transcriptomic data analysis and NMR...,Post-Doctoral Scientist
Washington+DC,Department Of Commerce,"108,887 - $141,555 a ","Analyzes accident and illness data and job hazards to identify training needs; The USPTO is headquartered in Alexandria, Virginia, and has over 12,000 employees...",Safety and Occupational Health Manager
Washington+DC,Department of Defense,"39,311 - $51,102 a ",Prepare outstanding scientists and health care practitioners for careers in. Databases and spreadsheet software to enter and retrieve data. About the Agency....,PROGRAM SUPPORT ASSISTANT (OA)
Washington+DC,Department Of Health And Human Services,"92,145 - $119,794 a ","As an Animal Welfare Policy Scientist, some of your duties and responsibilities will include, but are not limited to the following:....",Animal Welfare Policy Scientist - OD - DE
Washington+DC,Department Of Commerce,"92,145 - $141,555 a ","(2) analyzing the data; Polarized light microscopy, Rietveld analysis of x-ray powder diffraction data, and wet chemistry experience as applied to rocks,...",Physical Scientist ZP-IV (equivalent GS-13/14)
Washington+DC,Deployment Staffing,"100,000 a ",Experience with implementing expert systems/artificial intelligence and data mining techniques. The Data Scientist/Java Analytic Developer will be in charge of...,Data Scientist/Java Analytic Developer - DOD
Washington+DC,Department Of Education,"85,000 - $130,000 a ",(4) analyze data and synthesize information from education research and related areas; Education Research Scientist requires demonstration of strong research...,"Education Research Scientist/Analyst, AD-1730-00"
Washington+DC,Department Of Health And Human Services,"92,145 - $119,794 a ","Requirements related to medical data. As a Computer Scientist, you will:. Available software packages for master data management, workflow integration and/or...","Computer Scientist, GS-1550-13-DE"
Washington+DC,Department of the Navy,"34,870 - $76,956 a ","Collecting, computing and analyzing data. Conducting observations and documenting findings of instrument malfunction, deviations in defected data and its cause....",DON Pathways Internship Program (Mechanical Engineer Student...
Washington+DC,Department of Defense,"128,082 - $160,300 a ","IP geo-location, geo-inferencing, spatial temporal data mining, trajectory mining, time-series analysis, defensive operations, data stream mining, net sensors...",Supervisory R & D Manager
Washington+DC,Department Of Education,"60,000 - $95,000 a ",(4) analyze data and synthesize information from education research and related areas; Associate Research Scientist must have experience conducting research in...,"Associate Education Research Scientist/Analyst, AD-1730-00"
Washington+DC,Laguna Source,"70,000 - $80,000 a ","Work closely with upstream and downstream scientists within Process Development to deliver robust, scalable processes....",Statistician - Process Development - Design of Experiments
Chicago,Workbridge Associates,"105,000 a ","Data, Analytics, Scientist, Science, Python, R, SAS, SQL, Hadoop, Tableau, Analysis, Healthcare, Hospital, University, Career, Job, Chicago, IL,....",Mid-Level Data Scientist
Chicago,Etech Hi Inc.,"71,000 a ",Create annual/quarterly reports to monitor data quality and provide descriptive reports on datasets. Provide statistical consulting for the development and...,Statistician
Chicago,Etech Hi Inc.,"85,000 a ","Experience with medical or clinical data is a plus. Oversee all program analytics including risk adjusted benchmark reports, external data validation,...",Sr. Statistician
Chicago,Seeking Alpha Search International,"110,000 - $200,000 a ","Working with data validation members and information technology professionals to determine model data integrity. Seeking Alpha Search International, Inc....",QUANTITATIVE MODEL VALIDATION ANALYST
Chicago,Workbridge Associates,"80,000 - $110,000 a ",Big data with Hadoop is a plus. A well-respected healthcare corporation that spun off of a major hospital and university is hiring for a Mid-Level Data...,Data Scientist
Chicago,Hirewell,"125,000 a ","Data manipulation with SQL systems. Manipulate and analyze complex, high-volume, high-dimensionality data from varying sources using a variety of tools and data...",Data Scientist
Chicago,Smith Hanley Associates,"50,000 - $60,000 a ",Analyze and mine large data sets as well as perform data management and data visualization tasks. Partner with cross-functional teams and drive data driven...,Statistical Analyst
Chicago,Workbridge Associates,"120,000 - $160,000 a ",A startup located right downtown that helps analyze consumer shopping trends and data is looking for a Senior Data Scientist to join a growing team....,Senior Data Scientist
Chicago,Smith Hanley Associates,"150,000 - $200,000 a ",Experience working with syndicated data and POS data as well as providing BI solutions in a business environment....,(Sr.) Statistical Consultant
Chicago,CREhire.com,"138,300 a ",Categorical Data Analysis. Statistical Analysis / Data Science:. Identifies and independently resolves data issues (such as missing values and invalid data)....,Principal Statistical Analyst / Data Scientist
Chicago,Analytic Recruiting,"100,000 - $140,000 a ","Crafting the methodology, to data modeling using tools like SAS / R, and ultimately delivering final insightful recommendations....",Predictive Modeling Director
Chicago,NJF Search,"200,000 a ",Looking for a Research Scientist with a background in Statistical Machine Learning and Bayesian inference to join a high frequency proprietary trading firm in...,"Quantitative Researcher, Machine Learning & Bayesian inferen..."
Chicago,Workbridge Associates,"140,000 - $180,000 a ",A brand new startup moving its headquarters right downtown is looking for a Lead Data Scientist to join their team....,Lead Data Scientist
Chicago,North shore Staffing Group,"95,000 a ",Business Data Analyst – Mobile Devices to join their Data Sciences team. Works with data scientist and technology team to identify device-related parameters and...,Business Data Analyst
Chicago,Workbridge Associates,"100,000 - $140,000 a ","Hadoop/Hive/Pig Big data Experience. A non-profit research and development organization in Des Plaines which develops, demonstrates, and licenses new energy...","Senior Data Scientist (Python, R) in Des Plaines"
Chicago,Workbridge Associates,"185,000 a ",They need someone with the experience to be hands-on with their data and analytical tools as well as manage and mentor a small team of more junior data...,"Manager of Data Science (Python, R)"
Chicago,Workbridge Associates,"110,000 - $150,000 a ",This agile team will create and develop new solutions to help efficiently analyze and interpret massive data streams as the work itself lives in the continuous...,Senior Java Computer Scientist
Chicago,Analytic Recruiting,"140,000 a ",Take analytical objectives and define data requirements. Analytics Firm seeking a Data Scientist to consult to clients and implement advanced statistical and...,Lead Data Scientist
Chicago,Smith Hanley Associates,"80,000 - $100,000 a ","Statistical Analyst/Data Scientist. Extract, clean, and transform customer data for analysis and reporting....",Data Scientist
Chicago,3coast,"70,000 - $110,000 a ","Uses sensory data in new product development efforts, when appropriate. Demonstrates strong data evaluation skills with a working knowledge of statistics;...",Product Development Specialist - Food R&D
Chicago,Food Management Search,"75,000 - $95,000 a ","Data, drawing conclusions, documenting,. A technical leadership role providing direction....",Food Scientist MS or PhD - Meat Products
Chicago,Jobspring Partners,"100,000 - $120,000 a ","Data, data science, data engineer, linux, unix, AWS, python, Python analyst, analyst, R, R programing, ETL, Big data, Spark, SQL, Pentaho, Java, Scala, Data...",Data Scientist
Chicago,Workbridge Associates,"165,000 a ","A major healthcare insurance corporation has been building out a new Data Analytics team in their Chicago office, and they are looking to add a Principal Data...",Principal Data Scientist
Chicago,Modis,"45,000 - $55,000 a ","SQL background to extract data. Producing formal reports to collect data on monthly, quarterly and annual trends....",Statistical Data Analyst // Exciting Long-term Contract in N...
Chicago,NJF Search,"170,000 a ","Each team has trading strats (TS) who are a mix between data scientist, programmer and trader. _Head-quartered in Chicago and with an office in San Francisco...",High Frequency Strategy Engineer
Chicago,Hirewell,"120,000 a ",Bring structure to large quantities of data - turn unstructured data into structured data. Data Extraction Tools:....,Data Scientist -Fitness/Wellness Firm
Chicago,Clinical Management Consultants,"71,384 - $93,274 a ","Manager Health Information Management Data Analysis HIM Job in Chicago IL. Manager Health Information Management, Manager HIM, Manager Coding, Manager Data...",Manager Health Information Management Data Analysis HIM
Chicago,Workbridge Associates,"115,000 - $150,000 a ",This is a great opportunity to join a team of passionate computer and data scientists and play an instrumental role in continuing their data evolution....,Lead Data Engineer
Chicago,Jobspring Partners,"80,000 - $100,000 a ","Data, Engineer, Scientist, Big Data, Hadoop, Hive, Pig, Spark, Storm, AWS, Cloud, Java, Python, Agile, Startup, Chicago, Full-time....",Data Engineer
Chicago,Workbridge Associates,"130,000 a ",Hiring for a Senior Data Scientist for a major healthcare corporation that is building out a new data analytics team in Chicago....,Senior Data Scientist (Deep Learning or NLP)
Chicago,ITStaff Technical Resources,"85,000 a ","Working with data scientists on optimal data structures, analytics and automation of data ingestion. Be familiar with data transformation, transport, reporting,...",Technical Project Manager/Business Analyst
Chicago,Workbridge Associates,"170,000 a ","Big Data with Hadoop, Hive, Impala. Mid, Senior, Lead, Director, Data, Scientist, Science, Machine, Learning, Predictive, Analytics, Engineer, Developer, Python...",Director of Data Analytics
Chicago,Workbridge Associates,"180,000 a ","Big Data with Hadoop, Hive, Impala. Mid, Senior, Lead, Data, Scientist, Machine, Learning, Predictive, Analytics, Engineer, Developer, Python, R, Hadoop, Hive,...",Director of Data Science
Chicago,Selby Jennings,"125,000 - $150,000 a ","Equity Research Analyst – Biotech - Chicago, IL Selby Jennings’ client, a boutique asset management firm, is looking to add an Equity Research Analyst who","Equity Research Analyst – Biotech - Chicago, IL"
Chicago,Jobspring Partners,"60,000 - $120,000 a ",NET Visual Studio big data bigdata analytics distributed computing parallel data scientist Microsoft cloud SAAS C# OOP algorithms data structures design...,Mid-Level C# .NET Software Engineer
San+Francisco,kWh Analytics,"120,000 a ",Experience in weather data is a strong plus. A track record of spotting relevant trends in noisy data sets. Pivoting quickly from one data analysis project to...,Data Scientist
San+Francisco,Workbridge Associates,"120,000 - $165,000 a ","Familiarity with data visualization, web analytics and modeling. 5+ years experience in machine learning and big data technologies (Hadoop or Spark preferred)....",Senior Level Data Scientist
San+Francisco,Workbridge Associates,"125,000 - $135,000 a ","Experience with big data stack technologies, such as Hadoop or Spark. Strong skills in machine learning will be implemented to process and analyze this data....",Mid-Level Data Scientist
San+Francisco,MarkMonitor,"180,000 a ","Data skills (SQL, Hive, Pig). Applying machine learning to classification problems on unstructured data. MarkMonitor&mdash;the world leader in brand protection...",Data Scientist
San+Francisco,Mines.io,"80,000 - $120,000 a ",We are looking for a data scientist/developer to fill a cross-functional role on our small team. We expect you to be able to work and experiment with large data...,Full-Stack Data Scientist
San+Francisco,Selby Jennings,"160,000 a ","Integrate data and control APIs utilzing 3rd party biz apps. One of our largest start-up clients, a rapidly growing Bay Area startup, is looking to add an...",Business Intelligence/Data Scientist at VC Bay Area Start-up
San+Francisco,Workbridge Associates,"130,000 - $175,000 a ",3+ years as a Data Scientist required. FinTech start-up in the personal loan space in looking to bring on a Senior Data Scientist to add to their growing team....,Senior Data Scientist (FinTech)
San+Francisco,Workbridge Associates,"120,000 - $150,000 a ","There is a small team of Data Engineers and Data Scientists, and they are looking for similar-minded individuals that seek learning opportunities and a...",Mid-Level Data Engineer
San+Francisco,Workbridge Associates,"150,000 - $180,000 a ",A well-known San Francisco gaming company is looking to add a Senior Data Scientist to their team. They are looking for someone to build new products using...,Senior Data Scientist
San+Francisco,California State University,"50,400 - $60,000 a ",Compile and analyze data for written reports and presentations. Analyze data and make accurate projections using standard budgeting and accounting practices;...,"Administrative Analyst/Specialist, Exempt I - Office of Rese..."
San+Francisco,Workbridge Associates,"150,000 - $180,000 a ",In this position you will share programming and mathematical challenges with fellow data scientists. A San Francisco-based retail startup is looking to bring on...,Data Scientist
San+Francisco,Smith Hanley Associates,"140,000 a ","This person will recruit, build and lead a team of Data Scientists. Top technology firm in the Bay Area seeks a Data Scientist for a leadership role in consumer...",Data Scientist
San+Francisco,University of California Berkeley,"49,012 a ",Concepts in Computing with Data. (On reproducible and collaborative statistical data science). Introduction to Probability & Statistics for Life Scientists....,Lecturer - Statistics - Department of Statistics (includes s...
San+Francisco,Oakland Unified School District,"72,364 - $96,934 a ","Provide training on data analysis, data systems and appropriate use of data to District staff. Data Analyst II:....","Data Analyst II (Department: Research, Assessment & Data)"
San+Francisco,Brilent,"150,000 a ","The Brilent team brings together deep experience in machine learning, and data science from leading edge companies to solve the growing problem of leveraging...",Senior NLP Scientist/Engineer
San+Francisco,University of California Berkeley,"43,692 - $51,120 a ",Demonstrated experience with programming for biological data analysis and familiarity with functional genetic and/or genomic data is expected....,Post-Doctoral Scholar-Employee: Analysis of omics data
San+Francisco,Engage Recruiting LLC,"145,000 a ","The person will be working with a team of Engineers, Data Analysts and Data Scientists. Our client is seeking a Data Engineer ....",Data Engineer
San+Francisco,Workbridge Associates,"115,000 - $145,000 a ","2+ years of experience in Data Scientist, Quantitative Analyst, Research Engineering, or similar role. Subscription-based retail technology platform provider...",Senior Data Scientist (Econometrics)
San+Francisco,Talent Compliance Consulting Services,"100,000 a ",Strong data analysis skills including setting specifications and monitoring reagent/kit lot performance....,Quality Control Scientist
San+Francisco,All-In Analytics,"100,000 - $150,000 a ","Fraud Data Scientist. Seeking someone with skills and experience when it comes to Business Analysis, Compliance, Fraud Analytics, Anti Money Laundering (AML),...",Fraud Data Scientist
San+Francisco,NJF Search,"200,000 a ",RESPONSIBILITIES:  Design and develop predictive models and other components of automated trading systems. REQUIREMENTS:  PhD + Industry experience,Quantitative Researcher - Statistical Machine Learning - Hed...
San+Francisco,Workbridge Associates,"120,000 - $155,000 a ",Industry experience working as a data scientist. New start-up in the healthcare space is seeking a Senior Data Scientist to join their team of focused and...,Senior Data Scientist (Healthcare)
San+Francisco,Brilent,"130,000 a ","Perform large-scale data analysis, find interesting patterns and translate them into product improvements. We are building the next-generation, big data talent...",Senior Data Scientist
San+Francisco,Corporate Labs Technology,"110,000 - $180,000 a ","Natural Language Processing Brisbane, CA Sign on bonus Stocks! Up to 10% bonuses $110-180k depending on experience Fast growing social media company is",Data Scientist (Natural Language Processing)
San+Francisco,Corporate Labs Technology,"110,000 - $180,000 a ","Machine Learning Developer Brisbane, CA Sign on bonus Stocks! Up to 10% bonuses $110-180k depending on experience Fast growing social media company is",Data Scientist (Machine Learning)
San+Francisco,HSF Consulting,"160,000 a ","More data- they simply have more data than they know what to do with right now. About the startup- Applying disruptive data science, cognitive research, ML and...",Senior Data Scientist
San+Francisco,Workbridge Associates,"140,000 - $200,000 a ",The Senior Data Scientist position requires a fundamental knowledge of both computer programming and applied mathematics or statistics....,Senior Data Scientist (Autonomous Vehicle Research)
San+Francisco,University of California Berkeley,"67,500 - $81,600 a ",Ensures accuracy and completeness of data in master files and various support tools. Should be knowledgeable about professional approaches and relevant...,"Database Administrator, GSE"
San+Francisco,HSF Consulting,"300,000 a ","Teams included Data Services(including data engineering and data warehouse developers), Data Operations, and Data Science. Data lead at data company:....",VP of Data Services
San+Francisco,Jobspring Partners,"150,000 - $175,000 a ","Given the high volume of data collected by the company’s software, experience with non-relational databases is strongly preferred....",Python Developer (Machine Learning)
San+Francisco,Smith Hanley Associates,"150,000 a ","Manager, Data Science. Top technology firm in the Bay Area seeks a Data Scientist for a leadership role in consumer marketing....","Manager, Data Science"
San+Francisco,3coast,"80,000 - $200,000 a ",VP - Predictive Modeling / Data Scientist. Handle missing data through an algorithmic approach such as multiple imputations to enable insights in sparse and...,VP - Predictive Modeling / Data Scientist
San+Francisco,Lighthouse Recruiting,"75,000 - $95,000 a ","Join our Medical Laboratory Scientists Groups:. Manage, cross-check, record, and update data from a variety of sources....",Billing Specialist
San+Francisco,Workbridge Associates,"165,000 - $195,000 a ",The role will be working on technology that provides API endpoints to gather data. A leading San Francisco-based company in the fin-tech space is looking for an...,"Staff Engineer, Machine Learning (Scala)"
San+Francisco,Workbridge Associates,"130,000 - $150,000 a ","2+ years of experience in Data Scientist, Quantitative Analyst, Research Engineering, or similar role. Subscription-based retail tech startup has an opening for...",Data Scientist (Econometrics)
San+Francisco,"NextGen Jane, Inc.","65,000 a ",Scientific Researcher – Next Gen Sequencing Scientist*. Scientist will be responsible for optimization of protocols and troubleshooting difficult sample types...,Scientific Researcher
San+Francisco,Workbridge Associates,"150,000 - $200,000 a ",This group works alongside the algorithms R&D team which enables a data science modeling group of 50-60 Data Scientists....,Senior Data Engineer - Algorthms Platform (Scala)
San+Francisco,LT,"180,000 a ",We have two QA engineers with three more open positions and one data scientist with more open roles. My client a leading mobile application company located in...,Erlang Engineer
New+York,AllianceBernstein,"117,500 - $127,500 a ",C onduct quantitative and statistical research as well as portfolio management for various investment portfolios. Collaborate with Quantitative Analysts and,AVP/Quantitative Analyst
New+York,DEPARTMENT OF SANITATION,"53,051 - $145,991 a ",The Data Scientist will also be provided the flexibility to experiment with his or her own ideas for improving operational insight and awareness through a data...,Computer Systems Manager I
New+York,Empiric Solutions,"140,000 a ","Our client is looking for a driven and enthusiastic Data Scientist to join our fast-paced, execution-oriented Product Development team....",Data Scientist - Life Sciences
New+York,Averity,"150,000 a ",Are you a Senior Data Scientist excited about the thought of starting a Data Science group in the arts and entertainment world?...,Senior Data Scientist ($150k)
New+York,Analytic Recruiting,"150,000 - $240,000 a ","Prior analytics experience leading statisticians and data scientists. Crafting the methodology, to data mining/predictive modeling, and ultimately delivering...",Analytics Senior Director
New+York,Averity,"150,000 - $200,000 a ","As a Market Data Engineer you will partner with a mix of portfolio teams to source and maintain data and tools for research, model implementations and reporting...",Data Engineer for $100B Manager ($200k+Benefits)
New+York,Oliver James Associates,"170,000 - $200,000 a ",We are currently looking for an brilliant data scientist to utilize massive datasets in a leading insurance firm....,Data Scientist
New+York,City of New York,"68,239 - $85,644 a ",City Research Scientist. Write SQL to query data from Oracle databases. Coordinate and perform data matches with datasets from external agencies....,Predictive Risk Analyst
New+York,Averity,"150,000 - $300,000 a ",Examine and analyze data to increase alpha and decrease risk. Industry leading multi-billion dollar quant fund looking for Analysts that can drive quantitative...,Quantitative Analyst for Global Quant Fund
New+York,ingenium,"150,000 a ","Work with Data Scientists to process video data in ways that are meaningful for our publishers. Collaborate with a talented team of other engineers, data...",Big Data Engineer
New+York,Datacom Technology Group,"200,000 a ",They will report directly to the company founders and manage other Data Scientists. Political Analytics firm looking for a full time data scientist to work out...,Data Scientist
New+York,Emerald Resource Group,"150,000 a ",You must be extremely software and data driven. Working with custom algorithms with a focus on data analytics....,Quantitative Analyst
New+York,"Research Foundation for Mental Hygiene, Inc.","38,735 - $40,774 a ","The incumbent will be involved in tasks related to participant tracking, data collection, extraction, record keeping and other office-related activities....","Assistant Research Scientist I, Grade 14, Job 736895"
New+York,ektello,500 a ,Research Analyst Opportunity with major brand! Have you ever wanted to work for a major brand in New York city? If so and your background is in Advertising,Research Analyst
New+York,Datacom Technology Group,"200,000 a ","Should have experience conducting empirical research and working with large fundamental data sets. Will analyze and interpret relevant data, use valuation...",Quantitative Analyst (Fundamental Quant Equities) - Hedge Fu...
New+York,"Cross Commerce Media, Inc.","136,500 a ","Computer and Information Research Scientists. Knowledge of Java, C++, compilers, Flare, JavaScript, MySQL, OpenGL, UML design & development standards, Tableau,...",Computer and Information Research Scientists
New+York,Empiric Solutions,"140,000 a ",The Data Scientist will be responsible for ensuring that our data products are of the highest quality. Develop and maintain ongoing data exploratory analyses...,Data Scientist - Digital Marketing - Technology Start-Up
New+York,Oliver James Associates,"180,000 - $250,000 a ","This is an excellent opportunity for a candidate from an actuarial background with previous experience in predictive modelling, preferably with P&C experience",VP - Predictive Modeling Actuary
New+York,NYC Department of Buildings,"64,807 - $85,000 a ","Translating quantitative data, research findings, and insights into compelling and informative graphic materials (e.g., charts, graphs);...","Quantitative Data Analyst, Risk Management"
New+York,Selby Jennings,"100,000 - $200,000 a ","Data Scientist Global Private Asset Management Firm Manhattan, New York, USA Circa $100,000 - $200,000 plus Bonus and Benefits Key Skills: Python, R,",Data Scientist
New+York,TalentHub Worldwide,"105,000 a ",The Data Scientist assists in creating and maintaining data infrastructure for gathering multiple sources of data into a single data hub for the generation of...,Data Scientist
New+York,HOUSING PRESERVATION & DVLPMNT,"68,239 - $75,000 a ","Reliability and validity, sampling, primary and secondary data collection, and data management; Experience managing and manipulating administrative data;...",Technical Researcher
New+York,SUNY Oswego,"50,000 - $60,000 a ","Image reconstruction algorithms, data analysis and software development. The Research Foundation for SUNY on behalf of the Advanced Wireless Systems Research...",Post-Doctoral Research Scientist
New+York,Seeking Alpha Search International,"110,000 - $200,000 a ","Working with data validation members and information technology professionals to determine model data integrity. Seeking Alpha Search International, Inc....",QUANTITATIVE INVESTMENT MODEL VALIDATION ANALYST
New+York,Wade & Wendy,"130,000 a ",Programmatically adding data to and manipulating data from a graph-based database system. Gather and parse structured as well as unstructured data and organize...,Sr. Machine Learning Data Scientist
New+York,DEPT OF HEALTH/MENTAL HYGIENE,"66,575 - $83,555 a ",Online School Clinic Data Repository (OSCR). Develop and implement algorithms to check data for accuracy and in addition performs data cleaning and mining in...,"Data Manager, Adolescent Health Unit"
New+York,"Environmental Conservation, Department of","75,243 - $94,834 a ","Strong familiarity with water quality monitoring and assessment techniques, toxicology and toxicological research, statistical analysis and data evaluation....",Research Scientist 3 - (Water Pollution)
New+York,GVATE,"24,000 - $56,000 a ","You should also have experience communicating with website developers, software engineers and data scientist....","Marketing Specialist | SEO, PPC, Conversion Marketing"
New+York,Technical Source,"200,000 a ","Data analytics and modeling, data visualization, business acumen and strategy.*. The Data Scientist and Senior Managing Strategy Consultant role is in our...",Data Scientist
New+York,Access Staffing,"70,000 - $80,000 a ","3+ years of experience in customer/market research or retail consulting. Strong interest in sociology, customer psychology and fashion/retail. Self-motivated","Analyst, Market Research"
New+York,HRA/DEPT OF SOCIAL SERVICES,"68,239 - $83,000 a ",Availability and feasibility of data. Utilize both program and administrative data to develop report indicators that measure....,PROJECT MANAGER
New+York,New York State Senate,"50,000 a ",Restructure social listening data to achieve social intelligence from big data. Ability to provide data visualizations....,Data Scientist
New+York,Smith Hanley Associates,"115,000 a ","As a Data Scientist, you will:. We are looking for Data Scientist to join the team in our New York City office....",Data Scientist
New+York,Research Foundation of The City University of New...,"61,000 - $62,000 a ",Extensive data are available to support reservoir hydrodynamic and water quality modeling. Work will involve collaborative efforts with an interdisciplinary...,Water Quality Modeler
New+York,Columbia University,"45,000 a ",Executes the field-going operations with supervising scientist. Maintains ongoing data collection for long-term remote operations....,SENIOR RESEARCH STAFF ASSISTANT
New+York,NJF Search,"120,000 a ","The role will focus on data analysis, statistics and probability. The main focus is to update existing strategies, monetize alphas, measure latencies conduct...",Statistician – Trading Firm
New+York,POLICE DEPARTMENT,"41,057 - $61,669 a ","This position will also be responsible for conducting confidential analytical work in the review, extraction, examination, and compilation of highly sensitive...","STATISTICIAN, LEVEL I"
New+York,Averity,"150,000 - $250,000 a ","Knowledge big data analysis and systems. Individual will work directly with Senior Analysts, Traders and report to trading head to leverage his/her big data and...",Junior Quantitative Analyst / Developer for $5B Hedge Fund
New+York,DEPARTMENT OF FINANCE,"68,239 - $80,000 a ","Strong data analysis skills and data testing. Assisting with data cleansing, data conversion, system integrity, and system access issues....",Policy Data Analyst
New+York,Smith Arnold Partners,"40,000 - $50,000 a ",Analyze and interpret data and derive insights to answer key clients’ business questions. Expanding international research and strategy firm in seeks a Research...,Research Analyst
New+York,HOUSING PRESERVATION & DVLPMNT,"77,000 - $90,000 a ","Reliability and validity, sampling, questionnaire design, primary data collection, weighting, and data management;...",Survey Methodologist
New+York,DEPT OF HEALTH/MENTAL HYGIENE,"63,765 - $70,142 a ","Utilize statistical tools to analyze data and manage data requests (Hub data, MasterBank, Salient data, Survey data and etc.)....","Project Manager, Bureau of Primary Care Information Project"
New+York,Univision communications inc,"50,000 - $60,000 a ","Infographics, visual data representation skills a plus. Comfortable working with large data files and cross tabs....","Analyst, Strategy & Insights – Custom Research"
New+York,Workbridge Associates,"140,000 - $160,000 a ",The ideal candidate will join the Data team and assist in building and maintaining the data pipeline that drives the application....,Machine Learning Data Engineer
New+York,Research Foundation of The City University of New...,"40,000 - $65,000 a ",Collect data through field research exercises; Conduct intensive data analysis to inform implementation of the National Network’s crime reduction strategies;...,Research Analyst
New+York,Smart Host,"60,000 - $90,000 a ","We’re looking for a brilliant data scientist who codes to found our data team. As our data scientist, you’ll develop a nascent data model and pricing algorithm...",Data Scientist (Lead)
New+York,ADMIN FOR CHILDREN'S SVCS,"85,211 - $110,522 a ","Two years as a City Research Scientist Level I can be substituted for the experience required in ""1"" and ""2"" above....",Director of Qualitative Review & Evaluation Unit
New+York,"Research Foundation for Mental Hygiene, Inc.","59,250 a ",Manage and clean data as needed. Previous experience working with psychiatric or substance abuse data a plus....,"Research Technician III, Grade 21, Job 735195"
New+York,Workbridge Associates,"120,000 - $160,000 a ","An established gourmet food delivery start-up is looking for a Python Engineer to join a team with some of the best Data Scientists, Data Engineers, and...",Software Engineer (python)
New+York,NJF Search,"200,000 a ",Demonstrated ability to conduct independent research utilizing large data sets. Apply machine learning techniques to predicting financial markets....,Machine Learning Research Scientist - Hedgefund
New+York,ingenium,"150,000 a ",We are looking to hire a results-oriented data scientist with experience in data analysis and predictive modeling....,Data Scientist - Real Time Data
New+York,Princeton Consulting,"100,000 - $200,000 a ",Ability to visualize and communicate data science concepts to other team members and the business. With that being said an ideal candidate should have...,Data Scientist
New+York,Averity,"100,000 a ","We are a small team right, and we have a larger data team, including both engineers and data scientists (about 25 total), that work with us in a collaborative,...",Data Engineer (Partially Remote)
New+York,Selby Jennings,"140,000 - $200,000 a ",Senior Data Scientist. Develop solutions independently as well as lead other data scientists. A leading tech advertising company is looking for Senior Data...,Senior Data Scientist
New+York,City of New York,"68,239 - $85,644 a ",City Research Scientist. Write SQL to query data from Oracle databases. Perform statistical analyses using individual or case level data....,DYFJ Senior Analyst
New+York,Helix Sleep,"80,000 - $120,000 a ",2-5+ years of experience in a data scientist or data analyst with relatively little oversight and engineering support....,Senior Data Analyst
New+York,Etech Hi Inc.,"55,000 a ","Perform data analysis and create reports based on findings. Process engineer, chemical engineer, engineer, project engineer, development engineer, engineering...",Technical Service Engineer
New+York,NYC Health + Hospitals,"51,165 a ","Act as a liaison between facilities, Case Management, Network Relations and Quality Management in the dissemination of member data....",Healthcare Research Analyst
New+York,AreteX Engineering,"75,000 a ","Candidates with experience in the analysis of experimental data derived from---but not limited to---auditory/visual/cross-sensory psychophysical, EEG, ECG, and...",NSF-Sponsored Postdoctoral Fellow: EEG Analysis
New+York,ADMIN FOR CHILDREN'S SVCS,"68,239 - $85,644 a ",Write SQL to query data from Oracle databases. Coordinate and perform data matches with datasets from external agencies....,Predictive Risk Analyst
New+York,Laguna Source,"100,000 a ",Troubleshooting of process related problems at manufacturing scale through the effective design of scale-down studies and the evaluation of data from...,Senior Scientist - Upstream Processes - Biologics Manufactur...
New+York,Averity,"85,000 - $105,000 a ","As a Big Data Analytics Engineer, you will work with a team of data engineers and data scientists in our new and growing data team to maintain out company's...",Big Data Engineer/ ETL Developer for a Global Education Prov...
New+York,SUNY ESF,"50,000 a ",This position will work closely with the New York State Department of Environmental Conservation (DEC) Bureau of Wildlife (BOW) staff and will function as the...,Research Scientist
New+York,Research Foundation of The City University of New...,"40,000 - $50,000 a ",Passion for working with students from diverse backgrounds and for training the next generation of NYC’s top computer scientists....,Career Coach
New+York,Infinity Consulting Solutions,"65,000 a ","An ability to translate and communicate complex data issues succinctly and with clarity to ensure understanding by management, clients or data scientists....",Data Administrator
New+York,Averity,"150,000 - $250,000 a ",We are looking for a Senior Data Scientist to lead and grow our company's newly formed Data Science team. As a Senior/ Lead Data Scientist you will be leading...,Senior/ Lead Data Scientist for Digital Media Company
New+York,DEPT OF ENVIRONMENT PROTECTION,"57,969 - $70,142 a ","Two years as a City Research Scientist Level I can be substituted for the experience required in ""1"" and ""2"" above....",EH S Compliance Specialist
New+York,Green Key Resources,"70,000 - $150,000 a ","Analyze trading data in order to increase profitability, decrease risk, and reduce transaction costs. 0 to 5 years of relevant work experience....",Quantitative Analyst
New+York,Averity,"130,000 - $175,000 a ",This is an amazing opportunity for a Senior Data Scientist to move into a client-facing role. We are looking for Senior Data Scientist with Anti-Money...,Data Scientist (AML Experience)
New+York,Averity,"200,000 - $300,000 a ","ContactMichael Pachella (michael.pachella@averityteam.com)Quantitative Analyst, Research, Modeling, Data Science....",Quantitative Analyst (Big Data Focus) at $10+ Billion Hedge...
New+York,DEPT OF ENVIRONMENT PROTECTION,"76,340 - $100,322 a ","Evaluate methods, procedures and data obtained from scientific investigation. Assemble data and write reports on the result of analyses....",Process Control Coordinator
New+York,Hire Solutions Inc.,"200,000 a ","We are looking for data scientist, NLP specialist, etc. Understand business requirements for management data and services....",JR. Full Stack Developer
New+York,Selby Jennings,"115,000 - $200,000 a ",Data Scientist/Data Engineer. A well established hedge fund in New York City is looking to bring on a talented data scientist to their data team....,Data Scientist Hedge Fund New York
New+York,Analytic Recruiting,"65,000 a ",Market Research Analyst (reports to SVP) needed by international custom market research firm to manage the execution and analysis of custom market research,Market Research Analyst
New+York,Workbridge Associates,"130,000 - $160,000 a ","The current team consists of 3 junior Data Scientists, 1 mid level Data Scientist, along with the VP. They are hiring for a Senior Data Scientist / Tech Lead to...",Senior Data Scientist
New+York,Columbia University,788 a ,"20% - Maintain accurate, up-to-date and well-documented records of procedures performed and data generated....",Technician B
New+York,Health Research Incorporated,"42,416 a ","The incumbent will also assist senior research scientists with additional responsibilities as assigned. Assisting in sample and solution preparation, daily...",Assistant Research Scientist
New+York,Analytic Recruiting,"140,000 - $160,000 a ","Statisticians, research and lead purchase of desired software, introduce new technologies such as big data etc....",Director of Predictive Analytics (Statistician)
New+York,Averity,"175,000 - $275,000 a ",We are a top-tier asset manager looking for a Quant Scientist (Quantitative Developer / Data Scientist) to work on one of our leading portfolio teams in our...,Quantitative Data Scientist - Large Asset Manager
New+York,3coast,"80,000 - $200,000 a ",VP - Predictive Modeling / Data Scientist. Handle missing data through an algorithmic approach such as multiple imputations to enable insights in sparse and...,VP - Predictive Modeling / Data Scientist
New+York,DEPT OF HEALTH/MENTAL HYGIENE,"85,211 - $97,993 a ","Develop new surveillance and data analysis methods. Two years as a City Research Scientist Level I can be substituted for the experience required in ""1"" and ""2""...","Senior Epidemiologist, Bureau Systems Strengthening and Acce..."
New+York,ADMIN FOR CHILDREN'S SVCS,"68,239 - $85,644 a ",Write SQL to query data from Oracle databases. Coordinate and perform data matches with datasets from external agencies....,Child Welfare Analyst
New+York,DEPT OF HEALTH/MENTAL HYGIENE,"63,765 - $70,142 a ","Provide support to field staff in managing scheduling and inspectional data. Manage and develop unique data-sets linking disparate sources of environmental,...","Data Analyst, Bureau of Environmental Sciences and Engineeri..."
New+York,Lighthouse Recruiting,"60,000 - $75,000 a ","Reviews drug confirmation data from the laboratory, compares with the initial screening data for accuracy and release the results....",Certifying Scientist / Toxicologist
New+York,Culver Careers,"140,000 a ","General knowledge of Big Data, Data Warehousing and/or RDBMS. Big Data Hadoop Solutions. Experience selling solutions revolving around Big Data, Hadoop and/or...",Account Executive - Big Data Hadoop Solutions
New+York,Selby Jennings,"125,000 - $180,000 a ","Build and architect data stores and data pipelines specific for data science needs. Comfortable working with large data sets, Hadoop and various clusters....",Machine Learning/Data Engineer @ NYC Start-up
New+York,The Big Game Hunter,"80,000 - $200,000 a ",O Handle missing data through an algorithmic approach such as multiple imputations to enable insights in sparse and messy data....,Predictive Analytics Professionals-- ROAD WARRIORS
New+York,Atrium Staffing,"70,000 - $80,000 a ","Scientist needs a Masters or Ph.D.in chemistry or closely related field. Scientist assists in the development of novel compounds by HPLC, release studies, and...",SR. SCIENTIST
New+York,"Health, Department of","41,993 - $53,606 a ","Additional duties will include development and validation of new tests, viral sequencing, data analysis, reporting of results and general laboratory...",Assistant Research Scientist (G14) (Virology) - 34114
New+York,DEPARTMENT OF SANITATION,"53,051 - $145,991 a ",The Data Scientist will also be provided the Flexibility to experiment with his or her own ideas for improving operational insight and awareness through a data...,"Computer System Manager, Level I"
New+York,DEPT OF HEALTH/MENTAL HYGIENE,"57,969 - $70,142 a ","-Use SAS, including merge statements, macros and SQL, to manipulate and clean data and create analytic data sets....","Junior Research Analyst, Family and Child Health Administrat..."
New+York,Health Research Incorporated,"66,244 a ","And reporting data collected to the Centers for Disease Control and Prevention (CDC). Under the supervision of a Research Scientist IV, the incumbent will be...",Research Scientist II
Minneapolis,Department Of The Interior,"89,575 - $116,453 a ","Data collection tools; Identify precise operational definitions of the data elements, data sources, and reporting formats for various performance management and...","Education Research Analyst, GS-1730-13"
Minneapolis,"Ramsey County, MN","61,761 - $91,952 a ","Identify valuations that require data review or revision; Develop and analyzes data and satisfaction survey, including constructing questionnaires, collecting...",Research & Statistical Analyst- CAMA
Minneapolis,University of Minnesota,"32,178 - $53,851 a ","Computer data entry,. We educate general dentists and dental specialists, dental therapists, dental hygienists, dental educators and research scientists....",Patient Accounts Coordinator
Minneapolis,University of Minnesota,"33,010 - $43,098 a ","Experience using data look-up and data entry functions on a mainframe or PC based computer system. We educate general dentists and dental specialists, dental...",Front Desk Scheduling Coordinator
Minneapolis,Search Leaders,"110,000 a ","Proficient with Python and data science libraries. This position will work closely with engineering, product management, and business teams to measure, analyze,...",Machine Learning Engineer
Los+Angeles,Los Angeles County Department of Human Resources,"87,955 - $115,354 a ","An in-person proctored written test measuring written expression, data analysis & decision-making/mathematics, and reading comprehension....",HUMAN RESOURCES ANALYST IV - Test Research
Los+Angeles,Los Angeles County Human Resources,"71,152 - $83,721 a ",Devises data processing procedures that make use of high speed computers and works with computer personnel in the programming and processing of data.Prepares...,"RESEARCH ANALYST III, BEHAVIORAL SCIENCES"
Los+Angeles,Los Angeles County Department of Human Resources,"71,152 - $83,721 a ",Devises data processing procedures that make use of high speed computers and work with computer personnel in the programming and processing of data....,"RESEARCH ANALYST III, BEHAVIORAL SCIENCES"
Los+Angeles,Soho Apparel Group Inc.,"39,354 a ","Devise and evaluate methods and procedures for collecting data, such as surveys, opinion polls, or questionnaires, or arrange to obtain existing data....",Market Research Analyst
Los+Angeles,Los Angeles County Department of Human Resources,"74,566 - $97,794 a ",Develops and documents the backup procedure to assure a continuing flow of essential laboratory data in case breakdown of data systems....,"MEDICAL TECHNOLOGIST, DATA SYSTEMS"
Los+Angeles,Department of the Army,"44,689 - $58,096 a ","Work that involves conducting analysis, gathering data, and reviewing a variety of narrative and/or statistical data to prepare reports....",Realty Specialist
Los+Angeles,Department Of Commerce,"63,772 - $99,296 a ","Selecting and applying advanced statistical analysis to socio/economic or demographic data, and developing professional papers or reports on such data;...",Statistician
Los+Angeles,Commercial Cleaning Systems,"55,000 a ",Make recommendations based on data analysis. Review sales history data and analyze/compare with current market research....,Market Research Analyst
Los+Angeles,Los Angeles County Human Resources,"87,955 - $115,354 a ","Interviews, observes, and collects data from subject matter experts to conduct job analysis and produce technical documentation specifying critical job duties...",HUMAN RESOURCES ANALYST IV - Test Research
Los+Angeles,"Exact Staff, Inc.","90,000 a ","Current California Clinical Laboratory Scientist license. Maintains accurate department records, reports and statistical data as required....",Clinical Laboratory Scientist (CLS)
Los+Angeles,Futuretech Staffing,"110,000 a ",Evaluates stability data and makes appropriate adjustments based on data. Ability to generate and analyze data to drive correct decision making....,Scientist II - Tea (must have tea experience)
Los+Angeles,Lighthouse Recruiting,"160,000 - $180,000 a ",Join our Medical Laboratory Scientists Groups:. Testify in legal proceedings regarding analysis and interpretation of toxicological analytical data performed on...,"Laboratory Director, Toxicology"
Los+Angeles,Futuretech Staffing,"110,000 a ",Evaluates stability data and makes appropriate adjustments based on data. Ability to generate and analyze data to drive correct decision making....,Scientist - Tea
Los+Angeles,Analytic Recruiting,"60,000 a ","Strong understanding of market research data, ability to mine data to pull insights. Ability to use v-lookup, to transpose data)....",Market Research Analyst
Los+Angeles,Lawrence Harvey,"95,000 a ",Currently they are looking for a Data Scientist. This role will grow into the lead data scientist candidate will be a manager and leader of application...,Data Scientist
Los+Angeles,Lighthouse Recruiting,"120,000 - $160,000 a ","Join our Medical Laboratory Scientists Groups:. QC all testing results to ensure data accuracy. A mid-sized but growing urine toxicology laboratory in Pasadena,...",Molecular Laboratory Manager
Los+Angeles,Futuretech Staffing,"150,000 a ","The *Principal Scientist*. Additionally, the *Principal Scientist*. Ability to expertly generate and analyze data quickly....",Principal Scientist - Food Science - Protein
Los+Angeles,LT,"200,000 a ",We have four QA engineers with three more open positions and two data scientists with more open roles. My client a leading mobile application company located in...,Java Developer
Los+Angeles,Futuretech Staffing,"120,000 a ",Evaluates stability data and makes appropriate adjustments based on data. Ability to generate and analyze data to drive correct decision making....,Scientist for Tea Formulation
Los+Angeles,Lighthouse Recruiting,"80,000 - $110,000 a ","Join our Medical Laboratory Scientists Groups:. And also performing quantitative analysis, data review and certifying and releasing results....",LC/MS Clinical Laboratory Scientist
Los+Angeles,Jobspring Partners,"110,000 - $125,000 a ","Software, developer, development, engineer, software developer, software engineer, SWD, SWE, senior, senior developer, senior software developer, OOP, object...",Senior Front-End Developer
Los+Angeles,LT,"180,000 a ",We have two QA engineers with three more open positions and one data scientist with more open roles. My client a leading mobile application company located in...,Mobile QA Engineer
Los+Angeles,Selby Jennings,"150,000 - $250,000 a ","Equity Research Analyst The Client is a rapidly expanding Investment Advisory firm with over 50 years of service. They focus on equity recommendations,",Global Equity Research Analyst
Los+Angeles,Department of the Navy,"36,076 - $46,899 a ",Data in order to resolve discrepancies or verify information in records providing technical reports for briefings....,ADMINISTRATIVE SUPPORT ASSISTANT (OA)
Los+Angeles,Selby Jennings,"150,000 - $250,000 a ","Senior Equity Research Analyst The Client is a rapidly expanding Investment Advisory firm with over 50 years of service focusing on equity recommendations,",Senior Equity Research Analyst
Denver,Department Of The Interior,"76,341 - $99,243 a ","Would you like to join the more than 10,000 scientists, technicians, and support staff of the USGS who are working in more than 400 locations throughout the...","Statistician, GS-1350-12 (DEU-PERM-DS)"
Denver,Department Of The Interior,"71,012 - $99,243 a ",Investigate potential uses of geospatial data applications and develop procedures and techniques to improve or enhance the applications....,Interdisciplinary Cartographer/Geographer - GS-1370/0150-12...
Denver,Mental Health Center of Denver,"70,000 - $80,000 a ",Advise the Data Developer with regard to creation of data tables and make other data warehouse updates needed for completion of projects....,Financial Data Scientist
Denver,Conservation Legacy,475 a ,"Experience collecting and analyzing data (an understanding of demographic, economic, and other social science data is a plus)....",Bureau of Land Management – Social Scientist
Denver,Denver Health,"93,645 a ","Functions largely independently but reports to a more senior scientist. Two years of scientific research related experience, knowledge & competence with grant...",Assistant Research Scientist - RADARS
Denver,Denver Public Schools,"62,712 - $75,255 a ",Portal managers on student outcome data reports design and validation. The Senior Research Analyst 1) facilitates student outcome data presentation in cross...,SENIOR RESEARCH ANALYST
Denver,University of Colorado,"25,000 - $29,000 a ",Experience entering and manipulating data in a. Species of small laboratory animals which are used by scientists for research. Who we are:....,Animal Care I
Denver,Department Of The Interior,"43,037 - $68,430 a ",Preparing graphs and data profiles; Conduct literature and data searches to locate public domain sources of technical data on mines and mineral deposits in the...,Geologist GS-1350-07/09 (DEU - TERM - JG)
Denver,Denver Health,"66,654 a ","Assist research director, assistant research director and other project members in data analysis planning, analysis, and reporting....",Statistical Research Specialist
Denver,Potatoes USA,"85,000 a ",Extensive knowledge and experience analyzing sales and marketing data and presenting in an effective manner....,Global Marketing Manager - Ingredient and School Foodservice
Denver,Denver Health,"66,654 a ","Assist research director, assistant research director and other project members in data analysis planning, analysis, and reporting....",Statistical Research Scientist - RADARS
Denver,Fahrenheit IT,"170,000 a ","Doing all this with an exceptional group of software engineers, data scientists, dev-ops engineers and managers....",DevOps Engineer
Denver,DigitalGlobe,"105,000 a ",DigitalGlobe's Geospatial Big Data (GBD) initiative develops cutting edge cloud-based systems to manage its massive archive of imagery and extract information...,Platform Developer/Geospatial Big Data (Python)
Denver,University of Colorado,"42,000 - $45,000 a ","Data as appropriate; Primarily to clinical care and clinical research, physician scientists who. And records all patient data essential to the study onto...",Professional Research Assistant - Data Manager
Denver,University of Colorado,"42,000 - $46,500 a ",Ensures accurate data entry of tissue bank patient data and other clinical trial data as assigned. 1 year experience in a clinical setting (oncology data...,Professional Research Assistant - Tissue Bank Coordinator/Da...
Denver,"Computer Enterprises, Inc.","130,000 a ","We are looking for a Software Engineer/Data Scientist with Real-time Big Data Processing, collection. Processing and collection is (70%) of the job and Data...",Software Engineer/Data Scientist
Denver,University of Colorado,"65,000 - $90,000 a ","And effective working relationships with physicians, scientists, and. Project data and protocols for COMIRB and other regulatory agency activities....",Regulatory & Compliance Manager
Denver,University of Colorado,"45,000 - $50,000 a ","Investigator, Study Sponsor, FDA, Data and Safety Monitoring Committee (DSMC),. And records all patient data essential to the study onto required Case Report....",Professional Research Assistant - Clinical Research Coordina...
Boston,Jobspring Partners,"60,000 - $140,000 a ","You’ll be analyzing medical data, claims data, and biometrics data and then building predictive models around this....",Data Scientist
Boston,U.S. Department of Labor,"43,828 - $56,976 a ",Economic Data Management & Analysis. Grade 7 - Makes arrangements preparatory to obtaining data from enterprises for which the collection of data is expected to...,Statistician
Boston,Apptopia Inc,"100,000 a ",We are looking for a Lead Data Scientist that will help us take the quality of our current estimation algorithms to the next level....,Data Scientist
Boston,Department Of Labor,"43,828 - $56,976 a ",Grade 7 - Makes arrangements preparatory to obtaining data from enterprises for which the collection of data is expected to be straight forward and...,Statistician
Boston,Strategic Employment Partners,"90,000 a ","Ground-breaking startup, located in Waltham, involved with understanding cognitive studies, emotions, and psychology is looking to add a new Data Scientist....",Data Scientist
Boston,ZP Group,"110,000 - $145,000 a ","Piper Clinical Solutions is currently looking for a Senior Statistician to work in Cambridge, MA. The Senior Statistician will support a major clinical",Senior Statistician
Boston,The Bivium Group,"85,000 - $130,000 a ","Our Kendall Square startup client with MIT roots - is looking to hire 2 Data Analyst, Data Science types:. Analytics Team - take the data science and develop...","Data Analysts, Data Scientists - Kendall Square startup"
Boston,U.S. Federal Government,"92,448 - $142,021 a ",Support the End-to-End Scientist in the Chandra X-ray Center Data System Division. The employee reports to the Chandra X-ray Center Data System (CXCDS) End-to...,Astrophysicist
Boston,Liberty Mutual,"100,000 - $125,000 a ","In this role, you will collaborate closely with a team of data scientists and analysts. Perform all data preparation and exploratory data analysis steps,...",Principal Analyst\Asst. Director¸ Data Science
Boston,Jobspring Partners,"230,000 - $250,000 a ","Data Scientist, Job, Data, Scientist, intelligence platform, Boston, Massachusetts, mathematics, Python, R, Spark, high-level, energy service providers,...",Chief Data Scientist
Boston,Boston Redevelopment Authority,"56,000 - $70,000 a ",Ability to understand and run data analytics. Analyze data collection and metrics for youth programming and provide recommendations....,SENIOR RESEARCH ANALYST
Boston,Analytic Recruiting,"100,000 - $120,000 a ","PhD, Data Scientist, Machine Learning, E-commerce. Experience with big data technologies (e.g. Solid foundation on data structures and algorithms....",Data Scientist
Boston,Jobspring Partners,"120,000 - $180,000 a ",Well funded start up in Boston is hiring for a Senior Data Scientist to join their team to help solve some unique and interesting data problems....,Senior Data Scientist
Boston,Analytic Recruiting,"90,000 - $130,000 a ",Analyst or Manager will leverage data assets to optimize profitability and improve consumer and small banking customer experience....,Quantitative Analyst or Manager Decision Sciences
Boston,Strategic Employment Partners,"110,000 - $150,000 a ","Professional experience in a data scientist, data analyst, or data architect role. They are currently looking to add a Senior level Data Scientist to head up...",Senior Data Scientist
Boston,Strategic Employment Partners,"150,000 a ",Mentor and lead a team of Junior Data Scientists. Experience with data modeling as well as data engineering....,Lead Data Scientist
Boston,U.S. Federal Government,"64,862 - $120,187 a ",Define system requirements to develop and evaluate MPC data systems and interfaces by working closely with scientists and other IT Specialists....,IT Specialist (APPSW)
Boston,Smith Hanley Associates,"145,000 a ","Data Scientists, together with Data Engineers, Scientific Modelers and Scientific Programmers, are part of the core Analytics Solutions team....",Analytics Expert
Boston,NJF Search,"200,000 a ",The firm specializes in artificial intelligence applied to financial markets. We are looking for two profiles: Junior Software Engineer 1-3 years of,Software Engineer - Machine Learning Team
Boston,Jobspring Partners,"120,000 - $150,000 a ","Data science, Tensorflow, Theano, Torch, Caffe , deep learning, neural networks, neural nets, numpy, scipy, pandas, python....",Machine Learning Researcher
Boston,Smith Hanley Associates,"60,000 a ","Data Scientists, together with Data Engineers, Scientific Modelers and Scientific Programmers, are part of the core Analytics Solutions team....",Analyst
Boston,Systematix,"70,000 - $80,000 a ","Analyze campaign data, interpret and synthesize results, and recommend action to optimize campaigns and keywords....",Search Marketing Specialist
Boston,The Bivium Group,"130,000 - $150,000 a ",Jamie is a top ranked technical recruiter in Boston with 75+ Recommendations on LinkedIn that has been expertly recruiting and placing Software Engineers and...,Lead Ruby on Rails Architect - CTOs Right Hand
Boston,Jobspring Partners,"115,000 - $135,000 a ",They’re looking for Data Scientists with a solid understanding of statistical programming languages (their primary language is SAS)....,Data Scientist (Marketing Mix Modeling)
Boston,Fanning Personnel,"55,000 a ",The Research Data will:. Validate investment exposure data across asset classes. The Research Data Analyst will possess following qualifications:....,Research Data Analyst
Boston,The Bivium Group,"75,000 - $130,000 a ",Jamie is a top ranked technical recruiter in Boston w/65+ written linkedin endorsements that has been expertly recruiting and placing Software Engineers and...,Front-End Developer - JavaScript/HTML5 for EdTech startup/sp...
Boston,TEEMA Solutions Group,"130,000 a ",Senior Software Scientist – Platform Tools R&D. Solid experience and utilization of the fundamentals in data structures and algorithms....,Senior Software Scientist – Platform Tools R&D
Boston,A&A Seach,"100,000 a ","Effective communication skills, both written and verbal, to communicate with scientists, engineers, and suppliers....",Embedded Software Engineer
Boston,Execu | Search,"110,000 - $150,000 a ","Experience working with equity data, programming complex research experiments, and developing mathematical models....",Quantitative Research Analyst
Boston,Fanning Personnel,"80,000 - $125,000 a ",Gather and analyze data regarding relevant economic and investment developments. An investment management firm in Boston is seeking a Research Analyst.The...,Research Analyst
Boston,Workbridge Associates,"100,000 - $130,000 a ",Exceptional interpersonal skills and ability to interact with customers - Senior Data Scientists with Lead experience would be ideal....,Senior/Lead Data Science Engineer
Boston,3coast,"80,000 - $200,000 a ",VP - Predictive Modeling / Data Scientist. Handle missing data through an algorithmic approach such as multiple imputations to enable insights in sparse and...,VP - Predictive Modeling / Data Scientist
Boston,Execu | Search,"110,000 - $130,000 a ",The Senior Data Scientist will:. 5+ years of experience as a Senior Data Scientist. Experience analyzing time series data....,Senior Data Scientist
Boston,Penfield Search Partners,"150,000 a ","Expertise in genetic, genomic and proteomics data analysis, including raw data processing and modeling of processed/normalized data, and familiarity with...","Manager, Exploratory Statistics"
Boston,Department of the Navy,"32,999 - $45,995 a ","Retrieves data from various information sources, both manual and electronic, for use in answering questions, responding to correspondence, or preparing reports....",HUMAN RESOURCES ASSISTANT (MILITARY)
Boston,Workbridge Associates,"100,000 - $145,000 a ",This is an opportunity to join a team that develops massive real-time event processing and big data analytical systems all within a cloud and distributed...,Senior Java Computer Scientist
Boston,Fanning Personnel,"95,000 a ","Work with other members of the firm regarding investment research, analytics, asset allocation, risk and economic data Qualifications :....",Senior Research Analyst
Boston,U.S. Federal Government,"109,245 - $160,300 a ","This will include development and deployment of novel high-bandwidth data capture systems at radio telescopes around the Globe, construction of data analysis...",Program Manager
Boston,Strategic Employment Partners,"50,000 - $65,000 a ","Due to recent growth, they are in search of extremely bright junior developers to join their team of accomplished scientists and engineers....",Junior Java Software Engineer
Boston,Jobspring Partners,"100,000 - $150,000 a ","One of Boston's rapidly growing healthcare analytics companies, comprised of world-class scientists, doctors, and engineers, is currently looking to bring on a...",Senior Software Engineer
Boston,The Bivium Group,"120,000 - $140,000 a ",Jamie is a top ranked technical recruiter in Boston w/65+ written linkedin endorsements that has been expertly recruiting and placing Software Engineers and...,"Software Development Manager, 60-70 percent hands-on Java"
Boston,John Leonard,"65,000 - $80,000 a ","Salary: $65K - $80K 3+ years of experience in knowledge management, consulting, marketing, business development, or project management A leading global",Competitive Research Analyst #23654
Boston,U.S. Federal Government,"92,448 - $142,021 a ",Provides expert technical consultation to CfA scientists and other engineering staff in instrument electrical design....,Electronics Engineer
Boston,WinterWyman,"165,000 a ",Their platform is used by data scientists of all abilities to analyze data in a fast and efficient manner. Their platform will point out any patterns in the...,Distributed Systems OR Full - Stack Python
Boston,Jobspring Partners,"80,000 - $110,000 a ","Java, job, R, Python, Data Mining, Big Data, SPSS, SAS, BI, Tableau, Hadoop, Hive, Pig, Spark, machine learning, job, predictive analytics, data scientist,...",Junior Data Scientist
Boston,Princeton Consulting,"140,000 - $220,000 a ",They are looking to add brilliant Data Scientists to their team. This firm uses computer vision and other machine learning technologies to discover meaningful...,Data Scientist
Boston,The Bivium Group,"110,000 - $140,000 a ","Company is seeking a new Data Engineer with strong data cloud services (EC2, AWS APIs) and restful services -- experience with data storage and retrieval...","Data Engineer - Big Data Services, AWS"
Boston,Workbridge Associates,"110,000 - $120,000 a ","You will be working with a diverse team that includes doctors, researchers, and data scientists. Developed using Python, this platform utilizes a lot of data...",Senior Biomedical Developer (Python)
Atlanta,Centers for Disease Control and Prevention,"74,260 - $114,802 a ",As an Interdisciplinary Health Scientist/ Behavioral Scientist you will:. Manage improvement plan task completion and analyze performance data to track progress...,Interdisciplinary Health Scientist/ Behavioral Scientist
Atlanta,Seeking Alpha Search International,"110,000 - $200,000 a ","Working with data validation members and information technology professionals to determine model data integrity. Seeking Alpha Search International, Inc....",QUANTITATIVE MODEL VALIDATION ANALYST
Atlanta,Centers for Disease Control and Prevention,"61,956 - $96,538 a ","As a Health Scientist your will:. In addition to meeting the basic requirements, applicants must have one year of specialized experience, equivalent to the GS...",Health Scientist
Atlanta,Centers for Disease Control and Prevention,"122,744 - $159,572 a ","As a Supervisory Health Scientist, you will. Quality improvement and presentation and publication of data and research findings....",Supervisory Health Scientist
Atlanta,Georgia State University,"60,000 a ","Administers, collects, enters, analyzes, and reports data. Reviews, analyzes, updates, and edits analyses and data extracts....",Sponsor Funded Professional - Research Scientist I
Atlanta,firstPRO,"100,000 a ","Data scientist, SQL, data anlysis, R:. Fast growing, exciting company has an immediate need for a SQL Data Scientist on a direct hire basis....",Data Scientist / SQL
Atlanta,"Wismettac Asian Foods, Inc.","50,794 a ","Wismettac Asian Foods, Inc., (formerly Nishimoto Trading Co., Ltd.), in Norcross, GA, seeks a full-time Market Research Analyst to research market conditions...",Market Research Analyst
Atlanta,Emory University,"52,300 a ","Responsible for post-award processing of grants and contracts for a department, division or school. Provides account management, reconciliation, and",Research Financial Analyst (Dept/Sch)
Atlanta,Emory University,"56,200 a ","Using an advanced knowledge of research methodology and techniques, provides leadership in the planning and development of survey instruments, guidelines, and...","Asc Dir, Research Projects"
Atlanta,Ga. Dept. of Admin. Services,"36,000 - $46,000 a ",Strong data research and analysis skills for the position of Statistical Data. To determine and map source to target data and documents data cleansing rules....,Statistical Data Analyst
Atlanta,Emory University,"33,400 a ","Compiles data and records results of studies for publications, grants and seminar presentations. The candidate should enjoy and be capable of working with...",Research Specialist
Atlanta,firstPRO,"120,000 a ","Growing and highly stable company has an immediate need for a Senior Software Engineer on a direct hire basis. In this role, you will play an integral role in",C++ Developer / Machine Learning
Atlanta,CSTE,"54,182 a ","Skills with developing and presenting epidemiologic data; For more than six decades, the Council of State and Territorial Epidemiologists (CSTE) and the Centers...",Associate Research Analyst
Atlanta,Smith Hanley Associates,"65,000 a ",An individual with previous modeling experience in credit card transaction data is preferred. Degree or above in quantitative discipline with experience in Data...,Research Statistician - Payment Cards
Atlanta,Selby Jennings,"175,000 - $250,000 a ","While statistical modeling is a primary aspect of this position, quantitative analysis and owning your own data and findings is also a necessary responsibility....",Statistical Credit Risk Modeler | Top Performing Investment...
Atlanta,JVI,"55,000 a ",Real Estate Research Analyst - Title Research Analyst Do you have years of real estate closing and/or title research experience but are tired of doing,Real Estate / Title Research Analyst
Atlanta,Amana Academy Charter School,"30,000 - $39,999 a ",Accounts Receivables - data entry. Invoice data entry once approved. Our intent is to “push down the 4 walls of the school” by taking students out into the...,School Business Manager and Human Resources (HR)
Atlanta,Lighthouse Recruiting,"55,000 - $70,000 a ",A growing clinical toxicology laboratory is seeking a Certifying Scientist with strong chromatography skills to perform quantification and data review....,Certifying Scientist
Atlanta,Smith Hanley Associates,"75,000 a ",-Business based experience doing data mining and statistical modeling. -Provide analytical solutions for business problems by developing and implementing...,Marketing Statistician
Atlanta,Synergy Search Group,"80,000 a ","Duties will include data conversion from multiple systems into analytical software such as ACL, using data analytical techniques to validate the integrity of...",Audit Snr (Banking) - Data Analysis 60K-80K
Atlanta,Velossent,"160,000 a ","Experience with leading teams comprised of Data Scientists, Data Engineers, and Data Analysts. Experience with building/managing Data Warehouses & Data Lakes....",Director of Data
Atlanta,Principle Solutions Group,"80,000 a ","Working knowledge of data center management concepts and practices. OR "" meng"" OR "" scientist"" OR "" technician"" OR "" technical"") AND ("" linux administrator"" OR...",DevOps Engineer
Seattle,Harvey Nash USA,"135,000 a ","They are looking for a Type B data scientist:. Data Science Engineer. Work with clean data. There's an aphorism that 80% of data science work is joining,...",Data Science Engineer
Seattle,Prime Team Partners,"150,000 a ",4813 Data Scientist*. The team is open to hiring Data Scientists with the following credentials:. Prime Team Partners is currently partnering with client in the...,Data Scientist
Seattle,All-In Analytics,"150,000 - $230,000 a ","Digital Data Scientist. Big Data Mining and Analysis. Predictive Analytics, Machine Learning, Relevance Modeling, Click Through Rate Predictive Models,...",Digital Data Scientist
Seattle,"Rakuten, Inc.","140,000 a ","Additionally, this position provides an opportunity to apply Natural Language Processing (NLP) and Machine Learning (ML) algorithms to large-scale ecommerce...",Software Development Engineer (Machine Learning)
Seattle,Seattle Pacific University,"80,000 - $85,000 a ","Manages data warehousing, data analytic solutions; This includes administration of business intelligence platforms, assisting with data governance, data...",BI/Data Architect
Seattle,Pullskill Technologies,"120,000 a ",Lead Data Scientist Recruiter*. Data Scientist – SWE Team. Data Scientist (Software Engineering) – Advance Analytics*. Big Data & ML....,Data Scientist (Software Engineering)
Seattle,Washington State Government,"61,920 - $81,264 a ",Evaluates data quality. MEL is looking for candidates that have a strong technical understanding of environmental laboratory data and data validation;...,Quality Assurance Coordinator (Chemist 4) (In-Training)
Seattle,All-In Analytics,"110,000 - $130,000 a ","Data Scientist, Compensation Analytics. Must be highly proficient in Microsoft Excel, PowerPoint and Salesforce.com and technically savvy for other data systems...","Sr. Data Scientist, Compensation Analytics"
Seattle,University of Washington School of Medicine,"40,000 a ",Postdoctoral Fellow/Research Scientist II. Assisting in the training of junior scientists. Presentations of data in lab meetings and publications....,Postdoc / Research Scientist
Seattle,"Job Brokers, Inc.","70,000 - $90,000 a ","The role will be responsible for providing direction and training to employees (managers, process and design engineers, technicians and scientists) on...",Document Control Manager
Seattle,All-In Analytics,"150,000 - $230,000 a ",Searching for a top notch business scientist to draw insights from big data and automate processes to transfer this info in real time across the organization....,Senior Business Intelligence Scientist
Seattle,State of Washington,"61,920 - $81,264 a ",Evaluates data quality. MEL is looking for candidates that have a strong technical understanding of environmental laboratory data and data validation;...,Quality Assurance Coordinator (Chemist 4) (In-Training)
Seattle,All-In Analytics,"100,000 - $150,000 a ","Business Intelligence Scientist. SQL, Digital Analytics, eCommerce, Big Data, A/B Testing, data mining, data analysis, reporting, dashboarding, product...",Business Intelligence Scientist
Seattle,All-In Analytics,"100,000 - $170,000 a ",Business Intelligence Data Scientist. Our client is looking for an Senior Business Intelligence Data Scientist to join their insights team....,Business Intelligence Data Scientist
Seattle,All-In Analytics,"100,000 - $200,000 a ","Big Data Scientist. Looking for an outstanding Big Data Scientist to be a part of our HR Analytics Team. Organized, detail oriented, multi-tasking, deep data...",Data Scientist
Seattle,All-In Analytics,"150,000 - $230,000 a ",Senior Business Intelligence Data Scientist. Our client is looking for an Senior Business Intelligence Data Scientist to join their insights team....,Senior Business Intelligence Data Scientist
Seattle,Department Of Veterans Affairs,"75,925 - $98,702 a ","Primary LIM Support focus will be Central Lab, Reference Lab, Data Innovations, Ancillary Testing, and Anatomic Pathology with a secondary focus in Blood Bank,...",Medical Technologist (Laboratory Information Manager)
Seattle,King County,"71,510 - $90,646 a ","Conduct comprehensive data and project review of Trace Organics' analytical data including:. Checks for completeness, calculation accuracy, data interpretation,...",Trace Organics - Environmental Lab Scientist II
Seattle,Department of the Navy,"63,344 - $82,347 a ","Interprets housing data to present recommendations to a variety of organizational levels. From pipefitters to accountants, scientists to engineers, doctors to...",HOUSING MANAGEMENT SPECIALIST
Seattle,Department Of Veterans Affairs,"51,987 - $67,833 a ","Skilled in informatics, laboratory data flow and the understanding of laboratory processes. All candidates must currently possess or be eligible for and pass...",Medical Technologist
Austin,TechTank Staffing & Consulting Solutions,"140,000 a ",What are we looking for in this Data Scientist Programmer/Specialist:. Data Scientists - Not necessarily picking apart data models but being able to find a good...,Data Scientist Programmer/Specialist
Austin,All-In Analytics,"140,000 - $160,000 a ",Home About Hiring? Job Portal Apply $2K Referral Blog Account Job Portal Fatal error : Uncaught exception 'Httpful\Exception\ConnectionErrorException' with,Senior Deep Learning Data Scientist
Austin,Roland & Associates,"160,000 a ",You have 3 years of hands-on data science work. You have experience in analysing the data for better understanding of web pages....,Data Scientist - Big Data
Austin,Myriad Development,"35,000 a ","Myriad Development is an Austin, TX based leader in cloud based information and technology solutions to the Financial Services markets. Myriad Development has",Research Analyst/Customer Serv
Austin,JE Compliance,"37,000 - $45,000 a ","The ability to interact with many different types of individuals, including executives, scientists, engineers, and other business professionals....",International Environmental Specialist
Austin,Providence Partners,"65,000 a ","Company Located in South Austin, we are the leading information security research and advisory company globally. Benefits Phenomenal health benefits 3","Research Analyst (excel, analysis, client-facing)"
Austin,Emoters Robotics,"70,000 - $100,000 a ","At Emoters, we’re developing tiny, autonomous robots that interact with their users much like pets. These robots are being designed to be lifelike, exhibit","Robotics software engineer (involves machine learning, AI, a..."
Austin,Roland & Associates,"160,000 a ",Data Scientist.Job Type :. They are currently seeking a Data Scientist Professional for a role who will be responsible to Model the complex interactions between...,Data Scientist
